ts,taosd,conn
1747577715032,23.7578125,19.23828125
1747577720033,28.2578125,30.70703125
1747577725033,29.0,38.9140625
1747577730034,28.9921875,39.0390625
