ts,taosd,conn
1747576916711,23.734375,19.51953125
1747576921711,27.859375,28.5234375
1747576926711,28.71875,39.1171875
1747576931712,29.08984375,39.1171875
