ts,taosd,conn
1747579112143,23.2109375,19.546875
1747579117144,27.7109375,28.58984375
1747579122144,28.703125,38.93359375
1747579127145,28.57421875,39.05859375
